No,Tanggal,Actual_Close,Predicted_Close,Actual_High,Predicted_High,Actual_Low,Predicted_Low,Actual_Open,Predicted_Open,Actual_Volume,Predicted_Volume
1,20-05-2024,8705.39,8786.92,9003.99,8827.74,8705.39,8668.99,8912.11,8730.5,87890100.0,86399790.0
2,21-05-2024,8613.51,8837.25,8797.27,8878.06,8613.51,8723.4,8682.42,8783.03,75311400.0,81539370.0
3,22-05-2024,8659.45,8827.62,8797.27,8869.23,8567.57,8715.54,8705.39,8774.82,121712700.0,80832190.0
4,27-05-2024,8544.6,8815.61,8613.51,8861.91,8521.63,8704.7,8544.6,8765.08,128578500.0,85528200.0
5,28-05-2024,8544.6,8766.97,8636.48,8817.87,8544.6,8656.65,8544.6,8718.52,73945700.0,90941560.0
6,29-05-2024,8406.79,8695.14,8567.57,8745.46,8406.79,8584.14,8521.63,8646.91,117351600.0,90299210.0
7,30-05-2024,8268.97,8629.87,8498.67,8679.94,8062.25,8518.23,8268.97,8581.51,207115100.0,92136370.0
8,31-05-2024,8498.67,8563.86,8498.67,8619.44,8291.94,8453.84,8360.85,8517.52,756431600.0,100914430.0
9,03-06-2024,8521.64,8510.09,8590.54,8583.56,8475.7,8408.36,8590.54,8462.82,72197700.0,143173700.0
10,04-06-2024,8590.54,8473.53,8751.33,8549.73,8590.54,8358.42,8751.33,8419.13,75353100.0,156650160.0
11,05-06-2024,8682.42,8460.43,8728.36,8537.74,8544.6,8327.94,8728.36,8402.98,82087300.0,161403070.0
12,06-06-2024,8705.39,8491.94,8751.33,8566.72,8682.42,8348.27,8751.33,8434.28,44991300.0,155774480.0
13,07-06-2024,8567.57,8579.22,8728.36,8647.4,8567.57,8434.69,8728.36,8524.56,51599800.0,137262820.0
14,10-06-2024,8751.33,8678.1,8751.33,8716.69,8682.42,8565.18,8728.36,8627.48,45584700.0,76564300.0
15,11-06-2024,8544.6,8709.46,8774.3,8747.43,8544.6,8596.8,8774.3,8658.71,68690904.0,74335910.0
16,12-06-2024,8498.67,8713.57,8567.57,8751.02,8498.67,8601.96,8544.6,8663.23,49785704.0,73091976.0
17,13-06-2024,8452.73,8696.32,8705.39,8734.11,8452.73,8587.13,8705.39,8647.32,84652200.0,71147680.0
18,14-06-2024,8452.73,8665.23,8498.67,8705.26,8360.85,8556.55,8452.73,8617.54,52986300.0,73658450.0
19,19-06-2024,8314.91,8629.01,8498.67,8670.13,8314.91,8520.88,8498.67,8582.04,100051010.0,74749480.0
20,20-06-2024,8659.45,8566.51,8659.45,8610.33,8360.85,8458.7,8406.79,8521.18,81474800.0,78220520.0
21,21-06-2024,8820.24,8530.63,8889.14,8572.17,8636.48,8421.56,8705.39,8482.2,166841200.0,79824664.0
22,24-06-2024,8820.24,8556.36,8958.05,8599.28,8797.27,8444.63,8820.24,8504.9,79592300.0,87412344.0
23,25-06-2024,8820.24,8606.86,8820.24,8646.64,8682.42,8491.05,8820.24,8550.62,80029000.0,89100520.0
24,26-06-2024,8728.36,8682.93,8866.17,8724.69,8682.42,8564.58,8751.33,8626.52,77913200.0,91848930.0
25,27-06-2024,8958.05,8760.72,8958.05,8803.24,8774.3,8643.14,8797.27,8705.08,89150696.0,90155370.0
26,28-06-2024,9118.84,8816.29,9164.78,8861.0,8981.02,8699.23,9003.99,8761.91,166172300.0,89743430.0
27,01-07-2024,9072.9,8863.68,9095.87,8905.33,9026.96,8749.37,9049.93,8807.34,68634600.0,87541600.0
28,02-07-2024,9095.87,8905.31,9187.75,8945.66,9049.93,8788.26,9187.75,8846.85,78848504.0,88744100.0
29,03-07-2024,9187.75,8971.97,9187.75,9012.83,9118.84,8853.61,9164.78,8913.02,55860200.0,88983710.0
30,04-07-2024,9026.96,9048.13,9187.75,9089.11,9026.96,8928.95,9164.78,8989.46,67054000.0,87280890.0
31,05-07-2024,9141.81,9095.55,9164.78,9138.04,9072.9,8977.66,9118.84,9039.3,36946900.0,84526890.0
32,08-07-2024,9233.69,9111.74,9233.69,9149.24,9141.81,8997.0,9187.75,9055.55,72903600.0,74686550.0
33,09-07-2024,9256.65,9132.07,9325.56,9169.31,9256.65,9017.58,9279.62,9075.68,61853200.0,74074740.0
34,10-07-2024,9279.62,9156.43,9394.47,9191.72,9233.68,9041.58,9348.53,9098.33,62325900.0,72753656.0
35,11-07-2024,9256.65,9184.89,9302.59,9219.93,9187.75,9069.31,9187.75,9125.96,55908400.0,73203336.0
36,12-07-2024,9256.65,9219.45,9279.62,9254.23,9210.72,9104.49,9233.68,9160.14,62646504.0,72758984.0
37,15-07-2024,9233.69,9241.71,9256.65,9278.91,9141.81,9126.84,9233.69,9183.45,36682600.0,74625880.0
38,16-07-2024,9141.81,9245.51,9210.71,9282.34,9141.81,9131.33,9164.78,9187.69,37192700.0,72437650.0
39,17-07-2024,9003.99,9226.7,9141.81,9262.79,9003.99,9112.6,9095.87,9169.35,90666010.0,70567740.0
40,18-07-2024,9279.62,9187.57,9279.62,9224.55,9003.99,9075.09,9003.99,9131.49,65383200.0,71573750.0
41,19-07-2024,9302.59,9162.89,9302.59,9199.78,9164.78,9050.58,9233.68,9105.87,53880296.0,72817860.0
42,22-07-2024,9279.62,9153.52,9325.56,9188.43,9279.62,9039.72,9302.59,9094.55,31285300.0,72732270.0
43,23-07-2024,9348.53,9164.45,9371.5,9198.12,9302.59,9047.92,9371.5,9103.9,39321100.0,72809070.0
44,24-07-2024,9256.65,9200.15,9348.53,9232.76,9256.65,9081.65,9302.59,9138.8,24658000.0,72363560.0
45,25-07-2024,9463.38,9254.5,9463.38,9285.13,9371.5,9137.6,9394.47,9193.3,98088100.0,67359570.0
46,26-07-2024,9486.35,9298.88,9555.26,9331.05,9463.38,9184.38,9532.29,9238.81,75565800.0,67858584.0
47,29-07-2024,9417.44,9340.62,9578.22,9373.57,9348.53,9226.38,9555.25,9279.75,69092504.0,69830300.0
48,30-07-2024,9348.53,9375.79,9463.38,9410.85,9348.53,9261.09,9463.38,9315.11,32122900.0,73288540.0
49,31-07-2024,9440.41,9393.2,9509.32,9429.92,9394.47,9278.08,9509.32,9333.64,82519900.0,73864890.0
50,01-08-2024,9532.29,9418.75,9532.29,9458.91,9371.5,9303.56,9371.5,9360.96,61176204.0,76979760.0
51,02-08-2024,9371.5,9424.05,9509.32,9462.86,9371.5,9309.98,9440.41,9365.7,55699900.0,74325550.0
52,05-08-2024,9072.9,9411.73,9325.56,9449.45,9072.9,9297.45,9187.75,9352.96,126328296.0,73096740.0
53,06-08-2024,9187.75,9373.49,9256.65,9414.4,9141.81,9262.0,9256.65,9316.84,78473896.0,76568170.0
54,07-08-2024,9279.62,9331.01,9279.62,9375.67,9187.75,9219.19,9187.75,9275.82,52327400.0,81381130.0
55,08-08-2024,9394.47,9280.02,9394.47,9323.32,9256.65,9167.25,9325.56,9223.84,54162100.0,80283900.0
56,09-08-2024,9325.56,9244.85,9417.44,9286.22,9279.62,9129.63,9394.47,9187.31,47062400.0,79462160.0
57,12-08-2024,9371.5,9233.23,9371.5,9271.5,9256.65,9115.04,9279.62,9173.97,40364100.0,78204920.0
58,13-08-2024,9463.38,9272.17,9463.38,9305.71,9348.53,9155.7,9417.44,9211.85,55207100.0,71421470.0
59,14-08-2024,9371.5,9310.53,9463.38,9342.32,9371.5,9194.68,9463.38,9249.21,47999104.0,69274570.0
60,15-08-2024,9394.47,9344.2,9463.38,9376.8,9348.53,9228.73,9371.5,9283.61,33396600.0,68868200.0
61,16-08-2024,9486.35,9357.26,9486.35,9389.76,9417.44,9242.02,9463.38,9296.73,40731400.0,67627976.0
62,19-08-2024,9532.29,9375.76,9578.22,9407.46,9440.41,9260.21,9486.35,9314.56,51054396.0,67000684.0
63,20-08-2024,9578.22,9406.24,9601.19,9438.59,9463.38,9290.79,9486.35,9344.96,60304400.0,67336904.0
64,21-08-2024,9578.22,9427.07,9647.13,9458.85,9578.22,9311.82,9647.13,9364.8,84848800.0,67489930.0
65,22-08-2024,9486.35,9461.77,9555.26,9493.98,9394.47,9346.5,9509.32,9398.79,56611600.0,69874504.0
66,23-08-2024,9486.35,9485.64,9532.29,9520.41,9463.38,9370.84,9486.35,9423.84,46651600.0,72449360.0
67,26-08-2024,9486.35,9490.92,9532.29,9527.6,9417.44,9376.08,9440.41,9430.2,35145600.0,73434590.0
68,27-08-2024,9371.5,9481.99,9463.38,9519.0,9348.53,9366.92,9440.41,9421.86,60448400.0,72407490.0
69,28-08-2024,9509.32,9459.85,9509.32,9497.61,9417.44,9345.58,9463.38,9401.2,38489900.0,71607340.0
70,29-08-2024,9394.47,9433.6,9647.13,9467.92,9394.47,9319.11,9647.13,9373.41,53004696.0,68430370.0
71,30-08-2024,9486.35,9435.97,9486.35,9469.91,9371.5,9321.55,9486.35,9375.79,158403700.0,67824040.0
72,02-09-2024,9440.41,9433.49,9532.29,9470.78,9371.5,9321.17,9532.29,9374.58,72008600.0,74203220.0
73,03-09-2024,9348.53,9430.8,9486.35,9470.9,9325.56,9317.82,9486.35,9372.51,50950200.0,78859064.0
74,04-09-2024,9463.38,9431.53,9463.38,9473.19,9302.59,9318.19,9325.56,9374.26,44817000.0,79473270.0
75,05-09-2024,9417.44,9411.37,9509.32,9454.3,9417.44,9296.44,9509.32,9354.55,39332900.0,80109340.0
76,06-09-2024,9463.38,9395.82,9463.38,9436.44,9394.47,9278.22,9394.47,9337.77,31541800.0,78416870.0
77,09-09-2024,9440.41,9399.78,9509.32,9434.48,9371.5,9284.39,9463.38,9340.28,36185100.0,68659470.0
78,10-09-2024,9509.32,9399.06,9509.32,9431.2,9440.41,9283.84,9509.32,9338.43,55093100.0,65786684.0
79,11-09-2024,9578.22,9413.63,9578.22,9444.71,9509.32,9298.59,9578.22,9352.14,64621300.0,65648000.0
80,12-09-2024,9624.16,9438.94,9647.13,9470.74,9532.29,9324.39,9601.19,9377.55,70759100.0,66731264.0
81,13-09-2024,9578.22,9463.31,9578.22,9495.06,9486.35,9348.22,9555.26,9400.68,70057096.0,69125550.0
82,17-09-2024,9647.13,9488.41,9647.13,9522.47,9509.32,9373.42,9601.2,9426.52,89745000.0,72227080.0
83,18-09-2024,9761.98,9513.14,9761.98,9549.35,9601.19,9398.1,9647.13,9451.44,65420200.0,76001970.0
84,19-09-2024,10014.64,9542.62,10014.64,9579.0,9784.95,9426.59,9830.89,9479.7,140886610.0,77323930.0
85,20-09-2024,9899.8,9593.35,10014.64,9629.7,9899.8,9476.38,10014.64,9527.84,142194600.0,81524376.0
86,23-09-2024,10060.58,9658.03,10060.58,9695.99,9853.86,9540.43,9853.86,9591.55,72553800.0,86671520.0
87,24-09-2024,9922.76,9736.29,10060.58,9775.48,9899.8,9617.81,9899.8,9668.59,105191096.0,88720570.0
88,25-09-2024,9968.71,9802.96,9968.71,9844.81,9670.1,9685.4,9807.92,9736.36,158369100.0,89634890.0
89,26-09-2024,9830.89,9833.6,9991.67,9880.88,9807.92,9717.89,9991.67,9769.24,84960104.0,95365450.0
90,27-09-2024,9784.95,9829.97,9876.83,9876.8,9555.26,9714.8,9647.13,9766.62,93027400.0,92377720.0
91,30-09-2024,9486.35,9800.25,9693.07,9845.6,9486.35,9686.22,9624.16,9736.86,144692100.0,89482300.0
92,01-10-2024,9693.07,9734.59,9693.07,9785.33,9532.29,9621.58,9555.26,9675.47,59797704.0,93885500.0
93,02-10-2024,9647.13,9669.32,9693.07,9718.67,9486.35,9554.48,9486.35,9610.1,86746210.0,91961224.0
94,03-10-2024,9601.19,9617.93,9670.1,9664.31,9555.26,9504.03,9601.19,9558.15,60887000.0,86397510.0
95,04-10-2024,9624.16,9562.67,9624.16,9605.74,9509.32,9445.78,9555.26,9500.87,58500400.0,84895970.0
96,07-10-2024,9463.38,9539.23,9532.29,9580.11,9417.44,9421.61,9509.32,9477.3,91867900.0,81794510.0
97,08-10-2024,9555.26,9535.33,9647.13,9573.45,9325.56,9420.59,9371.5,9473.72,99622904.0,77157950.0
98,09-10-2024,9578.22,9507.93,9670.1,9548.02,9555.26,9393.87,9555.26,9446.82,56835200.0,80036696.0
99,10-10-2024,9647.13,9498.94,9647.13,9538.07,9555.26,9384.1,9578.23,9437.34,51079996.0,78679310.0
100,11-10-2024,9532.29,9495.34,9716.04,9533.01,9532.29,9378.41,9716.04,9432.44,44632100.0,78198470.0
101,14-10-2024,9647.13,9505.59,9647.13,9542.76,9532.29,9387.35,9532.29,9442.92,31738600.0,76813780.0
102,15-10-2024,9761.98,9534.31,9761.98,9569.27,9601.19,9416.84,9693.07,9471.21,66635204.0,72298750.0
103,16-10-2024,9624.16,9570.12,9853.86,9603.32,9624.16,9454.69,9830.89,9507.07,63255904.0,68663350.0
104,17-10-2024,9853.86,9594.85,9922.77,9628.01,9647.13,9479.49,9693.07,9531.95,66993304.0,68864200.0
105,18-10-2024,9876.83,9625.47,9991.67,9658.89,9853.86,9510.17,9991.67,9561.56,56299600.0,70133860.0
106,21-10-2024,9807.92,9675.11,9968.7,9707.78,9807.92,9558.39,9968.7,9609.6,36472500.0,71286760.0
107,22-10-2024,9647.13,9730.45,9739.01,9765.38,9624.16,9613.39,9624.16,9666.31,94799500.0,71816770.0
108,23-10-2024,9784.95,9740.89,9784.95,9779.22,9624.16,9626.87,9624.16,9679.49,48902990.0,72920790.0
109,24-10-2024,9830.89,9735.48,9968.7,9773.84,9830.89,9622.11,9853.86,9673.59,85341200.0,72978984.0
110,25-10-2024,9876.83,9732.96,9876.83,9771.94,9761.98,9619.6,9784.95,9670.99,34847500.0,73617176.0
111,28-10-2024,9739.01,9714.48,9945.73,9750.76,9739.01,9598.78,9945.73,9649.86,39061500.0,73140280.0
112,29-10-2024,9647.13,9710.68,9716.04,9745.65,9647.13,9592.82,9670.1,9645.37,49680096.0,73161890.0
113,30-10-2024,9509.32,9728.48,9555.26,9763.69,9440.41,9613.45,9440.41,9665.42,114484104.0,69509040.0
114,31-10-2024,9417.44,9696.97,9624.16,9737.72,9417.44,9585.74,9486.35,9638.04,97553400.0,73175040.0
115,01-11-2024,9578.22,9624.71,9578.22,9666.54,9440.41,9515.04,9440.41,9566.7,47710000.0,74838140.0
116,04-11-2024,9532.29,9553.13,9647.13,9595.96,9463.38,9441.42,9578.22,9494.53,49275704.0,77521960.0
117,05-11-2024,9647.13,9492.86,9716.04,9533.3,9463.38,9377.41,9463.38,9432.01,50296504.0,78532960.0
118,06-11-2024,9601.19,9475.28,9647.13,9513.61,9532.29,9357.28,9624.16,9412.61,50324900.0,78078050.0
119,07-11-2024,9348.53,9500.71,9601.19,9535.84,9348.53,9383.67,9486.35,9437.68,131579100.0,72758070.0
120,08-11-2024,9256.65,9508.66,9394.47,9545.16,9233.68,9395.18,9371.5,9447.47,92166104.0,73791270.0
121,11-11-2024,9233.69,9479.13,9233.69,9521.05,9003.99,9367.78,9003.99,9421.4,128707610.0,78338450.0
122,12-11-2024,9325.56,9404.17,9394.47,9451.08,9187.75,9294.62,9279.62,9348.54,80378504.0,84946140.0
123,13-11-2024,9325.56,9328.15,9417.44,9376.62,9325.56,9216.14,9394.47,9272.62,62933096.0,88440420.0
124,14-11-2024,9279.62,9270.52,9348.53,9317.47,9233.68,9153.49,9302.59,9213.1,56381400.0,89682530.0
125,15-11-2024,9348.53,9251.29,9440.41,9292.6,9233.68,9133.46,9233.68,9192.21,63598196.0,83603790.0
126,18-11-2024,9187.75,9259.17,9302.59,9298.0,9187.75,9140.93,9256.65,9198.89,65716200.0,80837680.0
127,19-11-2024,9118.84,9287.15,9210.72,9326.04,9095.87,9172.63,9095.87,9229.24,85295304.0,75637180.0
128,20-11-2024,9256.65,9262.3,9325.56,9302.63,9187.75,9149.84,9210.72,9205.89,58584400.0,75798990.0
129,21-11-2024,9095.07,9231.89,9233.57,9271.34,9095.07,9118.4,9233.57,9174.31,93181210.0,76212390.0
130,22-11-2024,9095.07,9208.78,9187.4,9249.82,9095.07,9095.4,9164.32,9152.02,58396100.0,78558450.0
131,25-11-2024,9395.16,9175.13,9418.24,9216.41,9141.23,9061.35,9187.4,9119.25,165369390.0,78668500.0
132,26-11-2024,9233.57,9175.75,9464.41,9218.07,9233.57,9062.14,9464.41,9118.36,62310096.0,84280790.0
133,28-11-2024,9233.57,9208.66,9302.82,9250.68,9164.32,9093.74,9210.49,9150.49,57443504.0,84501320.0
134,29-11-2024,9233.57,9212.75,9325.91,9255.42,9187.4,9096.19,9233.57,9155.03,76886000.0,85003096.0
135,02-12-2024,9002.73,9232.92,9279.74,9275.14,9002.73,9116.72,9233.57,9175.4,87879600.0,83281430.0
136,03-12-2024,9418.24,9237.73,9441.33,9283.62,9141.24,9122.31,9256.65,9182.89,126087096.0,84875390.0
137,04-12-2024,9418.24,9232.56,9464.41,9275.47,9279.74,9120.58,9395.16,9176.83,97876296.0,80885890.0
138,05-12-2024,9464.41,9232.33,9556.74,9273.76,9441.33,9117.68,9464.41,9173.48,96904400.0,84512150.0
139,06-12-2024,9302.82,9272.55,9395.16,9314.78,9279.74,9155.36,9325.91,9212.45,68247200.0,87695224.0
140,09-12-2024,9556.75,9301.83,9556.75,9344.8,9233.57,9183.81,9256.65,9242.32,64458400.0,87630690.0
141,10-12-2024,9556.75,9352.0,9556.75,9393.8,9487.49,9233.94,9533.66,9291.06,61230396.0,85933140.0
142,11-12-2024,9626.0,9383.83,9626.0,9422.7,9441.33,9266.32,9441.33,9322.25,37934300.0,80458870.0
143,12-12-2024,9395.16,9411.9,9579.83,9447.17,9395.16,9293.79,9510.58,9348.2,44780100.0,76107700.0
144,13-12-2024,9279.74,9423.51,9441.33,9456.02,9256.65,9305.8,9348.99,9359.77,75126400.0,71822250.0
145,16-12-2024,9325.91,9438.93,9348.99,9473.93,9233.57,9323.96,9233.57,9377.86,57746100.0,71757570.0
146,17-12-2024,9141.24,9415.81,9279.74,9453.64,9141.24,9303.38,9187.4,9357.56,99845910.0,71543710.0
147,18-12-2024,9048.9,9354.19,9256.65,9394.55,9048.9,9243.36,9141.23,9297.61,84868504.0,74185170.0
148,19-12-2024,8933.48,9274.41,9025.82,9318.17,8818.06,9163.55,8956.56,9219.68,104254104.0,78246870.0
149,20-12-2024,8910.4,9181.43,9002.73,9227.71,8887.31,9070.64,8910.4,9128.13,91576900.0,83064216.0
150,23-12-2024,9025.81,9101.34,9095.07,9148.53,8956.56,8990.44,8956.56,9048.77,43292100.0,85024870.0
151,24-12-2024,9002.73,9034.92,9141.24,9081.26,9002.73,8921.02,9095.07,8981.46,32415700.0,84952570.0
152,27-12-2024,9048.9,9005.24,9071.98,9046.82,8979.65,8889.39,9048.9,8950.04,24016702.0,79650870.0
153,30-12-2024,8933.48,8994.39,9071.98,9031.09,8933.48,8877.3,9048.9,8937.75,56350096.0,74400580.0
154,02-01-2025,9141.24,9015.89,9141.24,9050.59,8910.4,8901.42,8910.4,8959.96,38124800.0,69512560.0
155,03-01-2025,9095.07,9035.78,9164.32,9068.02,9071.98,8923.34,9095.07,8978.96,41916000.0,65727412.0
156,06-01-2025,8933.48,9046.7,9118.15,9078.48,8910.4,8933.79,9095.07,8989.42,41593900.0,65562056.0
157,07-01-2025,8794.98,9044.61,8979.65,9076.65,8794.98,8931.36,8933.48,8987.55,71318600.0,66373828.0
158,08-01-2025,8933.48,9025.73,9025.82,9061.52,8841.14,8913.76,8933.48,8971.25,55943100.0,69528780.0
159,09-01-2025,9095.07,9010.62,9118.15,9047.12,8979.65,8899.7,9002.73,8956.58,42733800.0,70060540.0
160,10-01-2025,8979.65,8997.24,9164.32,9034.24,8979.65,8885.39,9048.9,8942.97,72531304.0,70637010.0
161,13-01-2025,8933.48,8984.22,8979.65,9020.85,8887.31,8870.85,8887.31,8928.93,88270104.0,72270470.0
162,14-01-2025,8794.98,8979.75,8979.65,9017.57,8794.98,8866.26,8864.23,8924.28,70942600.0,75623130.0
163,15-01-2025,9048.9,8984.37,9048.9,9023.84,8818.06,8872.44,8841.14,8929.98,77098000.0,76436456.0
164,16-01-2025,9002.73,8975.29,9164.32,9015.88,9002.73,8863.39,9095.07,8920.41,76979000.0,78466180.0
165,17-01-2025,9141.24,8963.83,9141.24,9004.94,8910.4,8849.43,9002.73,8908.07,71033096.0,80926360.0
166,20-01-2025,8887.31,8967.23,9118.15,9005.63,8887.31,8851.22,9095.07,8909.32,112111200.0,80799210.0
167,21-01-2025,8841.14,8991.12,8933.48,9030.83,8818.06,8876.5,8864.23,8934.65,124547900.0,81761020.0
168,22-01-2025,8864.23,9002.5,8933.48,9046.41,8841.14,8889.87,8910.4,8948.48,90154800.0,85925020.0
169,23-01-2025,8864.23,8984.61,9002.73,9032.11,8864.23,8872.75,8864.23,8932.84,120515400.0,87985970.0
170,24-01-2025,8633.39,8946.86,8910.39,8995.64,8633.39,8833.9,8887.31,8894.79,152057010.0,91167020.0
171,30-01-2025,8448.72,8896.52,8564.14,8950.0,8448.72,8783.65,8448.72,8846.63,154645800.0,96833310.0
172,31-01-2025,8725.72,8818.83,8771.89,8875.38,8517.97,8707.89,8541.05,8770.93,112982810.0,100885736.0
173,03-02-2025,8633.39,8760.78,8679.56,8817.49,8517.97,8649.48,8679.56,8712.27,90439900.0,101702750.0
174,04-02-2025,8471.8,8698.92,8679.56,8755.0,8471.8,8584.2,8633.39,8649.49,94607710.0,102635940.0
175,05-02-2025,8425.63,8637.26,8471.8,8690.56,8402.55,8520.65,8402.55,8587.74,98229900.0,99914700.0
176,06-02-2025,8264.05,8589.51,8402.55,8638.87,8171.71,8474.33,8379.47,8539.84,171477800.0,95133656.0
177,07-02-2025,8633.39,8565.74,8633.39,8617.19,8148.63,8456.0,8264.04,8519.42,131162190.0,94889910.0
178,10-02-2025,8448.72,8508.11,8541.05,8559.51,8333.3,8398.54,8333.3,8460.42,76209100.0,97501300.0
179,11-02-2025,8379.47,8460.03,8402.55,8510.01,8310.21,8346.7,8333.3,8409.93,71188296.0,98488580.0
180,12-02-2025,8448.72,8424.74,8448.72,8471.96,8264.04,8308.27,8264.04,8373.25,121172600.0,96937510.0
181,13-02-2025,8310.21,8416.48,8448.72,8463.5,8310.21,8299.33,8402.55,8364.99,90439704.0,97038056.0
182,14-02-2025,8287.13,8433.36,8379.47,8477.1,8264.05,8319.37,8310.21,8381.83,116274500.0,90768264.0
183,17-02-2025,8610.3,8412.25,8610.3,8456.64,8287.13,8301.48,8287.13,8362.77,89096400.0,88926570.0
184,18-02-2025,8587.22,8407.38,8841.14,8451.13,8541.05,8294.66,8610.3,8355.97,107318300.0,90617224.0
185,19-02-2025,8264.05,8449.36,8541.05,8493.31,8264.05,8333.2,8517.97,8395.72,154438190.0,92980700.0
186,20-02-2025,8310.21,8477.44,8333.3,8524.2,8264.05,8363.89,8287.13,8426.33,119260790.0,94490960.0
187,21-02-2025,8310.21,8478.78,8310.21,8529.15,8240.96,8366.02,8264.05,8429.7,106054700.0,98087720.0
188,24-02-2025,8240.96,8470.85,8287.13,8523.59,8194.79,8359.58,8240.96,8423.75,108530296.0,98374630.0
189,25-02-2025,8148.63,8417.96,8310.21,8473.68,8148.63,8306.5,8217.88,8373.16,101592696.0,99752300.0
190,26-02-2025,8102.46,8331.65,8217.88,8384.85,8056.29,8218.37,8125.54,8286.27,117843496.0,98843200.0
191,27-02-2025,7871.62,8287.6,8125.54,8337.51,7848.53,8176.37,8125.54,8241.64,199991580.0,95477270.0
192,28-02-2025,7779.28,8237.85,8010.12,8292.09,7779.28,8129.78,7871.62,8194.73,293095000.0,100438930.0
193,03-03-2025,8125.54,8164.54,8217.88,8228.26,7894.7,8059.04,7940.87,8124.05,192944290.0,114664800.0
194,04-03-2025,8171.71,8105.81,8240.96,8173.87,8010.12,7995.9,8217.88,8062.68,125418504.0,125634440.0
195,05-03-2025,8310.21,8075.48,8471.8,8143.31,8148.63,7956.79,8148.63,8028.84,155207900.0,130710370.0
196,06-03-2025,8287.13,8094.47,8494.89,8161.16,8287.13,7968.29,8494.89,8044.46,96270104.0,132789210.0
197,07-03-2025,8240.96,8173.4,8310.21,8233.44,8240.96,8045.31,8310.21,8121.28,82295304.0,123694070.0
198,10-03-2025,8240.96,8273.18,8287.13,8324.92,8056.29,8153.1,8079.37,8223.1,97652104.0,105367460.0
199,11-03-2025,8240.96,8309.58,8356.38,8359.2,8194.79,8195.18,8264.04,8262.16,109295590.0,96551350.0
200,12-03-2025,8425.63,8324.58,8425.63,8374.31,8287.13,8211.77,8333.3,8277.66,87968890.0,94589920.0
201,13-03-2025,8287.13,8330.06,8471.8,8375.51,8287.13,8218.88,8448.72,8282.2,83030700.0,89076376.0
202,14-03-2025,8079.37,8328.66,8240.96,8371.23,8079.37,8215.68,8125.54,8278.68,111397790.0,88229610.0
203,17-03-2025,7940.87,8323.77,8102.46,8368.97,7894.7,8211.8,8079.37,8275.69,151365700.0,90143270.0
204,18-03-2025,7663.86,8301.73,7894.7,8352.82,7456.11,8193.74,7848.53,8258.36,417305700.0,93622920.0
205,19-03-2025,7686.95,8213.5,7756.2,8278.15,7594.61,8113.23,7663.86,8175.03,214108210.0,114391830.0
206,20-03-2025,7733.12,8067.44,7825.45,8141.85,7710.03,7963.44,7802.37,8029.3,152917310.0,131674020.0
207,21-03-2025,7518.97,7925.04,7875.88,8002.54,7518.97,7809.98,7875.88,7883.91,377916400.0,142266690.0
208,24-03-2025,7566.56,7839.0,7709.32,7925.71,7257.23,7717.1,7447.58,7797.62,331836800.0,160405870.0
209,25-03-2025,7661.73,7759.29,7756.91,7853.67,7614.14,7630.4,7685.53,7716.16,136341710.0,176720700.0
210,26-03-2025,8113.82,7738.04,8232.79,7820.92,7875.88,7615.62,7899.67,7694.51,283104600.0,157902850.0
211,27-03-2025,8090.03,7773.97,8161.41,7856.39,7971.06,7646.04,8018.64,7726.47,122943900.0,161185760.0
212,08-04-2025,7400.0,7824.44,7614.14,7903.84,6924.11,7685.23,7043.08,7772.48,533073630.0,160500080.0
213,09-04-2025,7542.76,7828.17,7566.56,7910.43,7304.82,7705.94,7328.61,7779.79,136753900.0,164643630.0
214,10-04-2025,7828.29,7807.9,8232.79,7889.08,7780.7,7690.77,8090.03,7761.54,144148600.0,157963630.0
215,11-04-2025,7875.88,7802.18,7923.47,7884.39,7661.73,7672.47,7804.5,7752.14,82603000.0,161011340.0
216,14-04-2025,7994.85,7752.41,7994.85,7822.78,7852.09,7620.87,7852.09,7701.15,83319304.0,143601470.0
217,15-04-2025,8161.41,7735.39,8185.2,7799.39,8042.44,7595.02,8161.41,7682.04,83431800.0,137027090.0
218,16-04-2025,8066.23,7908.49,8137.62,7951.69,8018.65,7792.64,8090.03,7859.75,76874900.0,95026296.0
219,17-04-2025,8090.03,8035.86,8090.03,8079.31,7947.26,7922.94,8042.44,7989.09,83540600.0,89447200.0
220,21-04-2025,7899.67,8061.0,8090.03,8098.77,7899.67,7950.32,8090.03,8012.68,40683800.0,84049780.0
221,22-04-2025,8090.03,8100.76,8090.03,8140.04,7923.47,7991.32,7923.47,8054.7,56537100.0,81583610.0
222,23-04-2025,8304.18,8112.24,8304.18,8151.98,8137.62,8004.23,8137.62,8067.49,92329590.0,78962580.0
223,24-04-2025,8066.23,8113.95,8423.15,8151.14,8066.23,8005.21,8423.15,8066.53,143675300.0,78395440.0
224,25-04-2025,8185.2,8147.96,8232.79,8186.34,8161.41,8039.13,8232.79,8099.9,58297000.0,82334910.0
225,28-04-2025,8351.76,8187.3,8351.76,8226.42,8232.79,8078.2,8327.97,8139.29,73235400.0,82728904.0
226,29-04-2025,8304.18,8245.62,8399.35,8286.47,8280.38,8133.84,8375.56,8196.85,60315700.0,85810270.0
227,30-04-2025,8399.35,8303.44,8494.53,8346.69,8256.59,8190.39,8375.56,8255.94,164597500.0,85848000.0
228,02-05-2025,8542.12,8333.64,8565.91,8378.68,8423.15,8221.9,8565.91,8286.62,92219000.0,88594504.0
229,05-05-2025,8542.12,8385.47,8613.5,8425.48,8542.12,8274.36,8565.91,8334.89,86385600.0,86035900.0
230,06-05-2025,8589.71,8452.43,8613.5,8494.49,8542.12,8338.74,8613.5,8401.05,48860496.0,89175800.0
231,07-05-2025,8637.29,8505.44,8661.09,8547.56,8565.91,8389.65,8637.29,8453.6,77382000.0,88083420.0
232,08-05-2025,8542.12,8561.19,8756.26,8604.07,8494.53,8443.76,8637.29,8509.4,99614500.0,88219384.0
233,09-05-2025,8565.91,8611.9,8613.5,8652.36,8542.12,8499.04,8613.5,8560.8,47167500.0,81893680.0
234,14-05-2025,8827.65,8627.02,8851.44,8667.04,8708.68,8514.92,8803.85,8576.2,149002900.0,79577480.0
235,15-05-2025,8827.65,8658.6,8946.62,8699.02,8803.85,8547.02,8827.65,8606.82,101401300.0,82443610.0
236,16-05-2025,8851.44,8702.99,8875.24,8745.43,8780.06,8588.8,8851.44,8649.49,63007500.0,87470180.0
237,19-05-2025,9041.79,8747.84,9041.79,8790.11,8803.85,8631.89,8827.65,8693.38,111597200.0,87618664.0
238,20-05-2025,9018.0,8808.69,9208.36,8849.69,9018.0,8692.8,9041.8,8752.57,160614800.0,87650820.0
239,21-05-2025,9232.15,8892.28,9255.94,8938.08,9089.38,8774.74,9232.15,8835.77,169739200.0,95059920.0
240,22-05-2025,9184.56,8965.44,9327.33,9010.48,9184.56,8849.24,9327.33,8907.04,103113000.0,96521990.0
241,23-05-2025,9208.36,9040.48,9232.15,9086.05,9160.77,8922.44,9208.36,8981.15,48521800.0,98528300.0
242,26-05-2025,9160.77,9111.92,9184.56,9159.86,9041.8,8991.28,9136.97,9053.4,56625304.0,98902240.0
243,27-05-2025,8994.21,9154.06,9136.97,9202.57,8994.21,9034.46,9089.38,9098.22,93212000.0,93648170.0
244,28-05-2025,8946.62,9160.34,9089.38,9206.68,8946.62,9044.26,8994.21,9106.65,236950800.0,86526070.0
245,02-06-2025,8661.09,9130.14,8732.47,9178.44,8589.71,9020.54,8589.71,9078.12,264428700.0,88742250.0
246,03-06-2025,8613.5,9035.35,8684.88,9091.36,8518.32,8929.9,8613.5,8985.17,128318100.0,102513810.0
247,04-06-2025,8542.12,8912.96,8684.88,8976.12,8518.32,8803.7,8661.09,8863.71,93357200.0,114225030.0
248,05-06-2025,8494.53,8792.88,8613.5,8859.66,8470.74,8677.0,8565.91,8744.33,95529000.0,119500696.0
249,10-06-2025,8661.09,8687.52,8661.09,8753.56,8518.32,8566.08,8542.12,8639.26,80406400.0,118883370.0
250,11-06-2025,8613.5,8615.27,8684.88,8670.58,8613.5,8494.93,8661.09,8565.23,56632600.0,104827760.0
251,12-06-2025,8684.88,8618.96,8684.88,8663.82,8565.91,8503.79,8565.91,8568.19,41337300.0,87619144.0
252,13-06-2025,8589.71,8625.69,8684.88,8665.87,8542.12,8511.25,8661.09,8573.62,83318000.0,80751200.0
253,16-06-2025,8494.53,8635.01,8565.91,8673.31,8470.74,8521.39,8494.53,8582.59,57825000.0,78690340.0
254,17-06-2025,8637.29,8639.94,8661.09,8677.66,8542.12,8528.42,8542.12,8588.42,54927896.0,76150350.0
255,18-06-2025,8470.73,8633.02,8589.71,8670.15,8470.73,8522.39,8518.32,8581.57,86270200.0,74349040.0
256,19-06-2025,8351.76,8611.59,8494.53,8649.77,8327.97,8501.2,8470.73,8560.54,78879496.0,76167740.0
257,20-06-2025,8280.38,8575.05,8446.94,8616.42,8209.0,8464.92,8280.38,8526.06,445915040.0,79220830.0
258,23-06-2025,8209.0,8527.48,8280.38,8580.72,8090.03,8424.56,8161.41,8481.06,87324510.0,101515560.0
259,24-06-2025,8351.76,8461.28,8423.15,8521.61,8280.38,8354.3,8304.18,8414.54,110158900.0,113475320.0
260,25-06-2025,8185.2,8385.25,8351.76,8448.98,8066.23,8270.23,8304.18,8337.42,117560990.0,120534620.0
261,26-06-2025,8232.79,8326.84,8232.79,8391.4,8113.82,8205.73,8113.82,8278.89,117281700.0,122589960.0
262,30-06-2025,8256.59,8285.21,8399.35,8350.5,8137.62,8158.76,8161.41,8237.5,185441800.0,123866060.0
263,01-07-2025,8280.38,8287.25,8351.76,8337.39,8185.2,8176.68,8327.97,8239.54,82364500.0,99565410.0
264,02-07-2025,8256.59,8296.47,8256.59,8348.0,8161.41,8183.15,8161.41,8248.22,68545100.0,101726820.0
265,03-07-2025,8185.2,8274.59,8327.97,8324.08,8185.2,8159.26,8280.38,8225.89,50370800.0,99096090.0
266,04-07-2025,8232.79,8278.8,8280.38,8325.24,8137.62,8162.77,8232.79,8229.77,43593296.0,93549064.0
267,07-07-2025,8209.0,8288.8,8232.79,8332.92,8137.62,8173.97,8209.0,8240.99,49936900.0,86699930.0
268,08-07-2025,8090.03,8284.44,8185.2,8321.6,8018.64,8175.08,8137.62,8237.24,215611000.0,74742904.0
269,09-07-2025,8090.03,8260.03,8137.62,8300.99,8042.44,8154.74,8090.03,8214.34,94459300.0,81742730.0
270,10-07-2025,8185.2,8234.89,8232.79,8279.39,8090.03,8129.7,8113.82,8189.94,111769390.0,86961260.0
271,11-07-2025,8209.0,8207.56,8256.59,8254.37,8161.41,8099.3,8161.41,8161.4,135986500.0,93101410.0
272,14-07-2025,8113.82,8194.8,8256.59,8245.12,8042.44,8082.45,8232.79,8147.66,125196000.0,100356600.0
273,15-07-2025,8137.62,8190.04,8185.2,8243.86,8066.23,8073.52,8185.2,8142.86,77219304.0,106354216.0
274,16-07-2025,8113.82,8203.83,8185.2,8251.73,8090.03,8091.58,8137.62,8156.77,97475300.0,96094660.0
275,17-07-2025,8113.82,8211.18,8137.62,8260.33,8090.03,8098.51,8090.03,8165.18,86016400.0,95953336.0
276,18-07-2025,8018.65,8201.04,8161.41,8249.68,8018.65,8088.78,8137.62,8155.88,80432200.0,93507810.0
277,21-07-2025,8042.44,8181.05,8090.03,8227.28,7971.06,8070.52,8042.44,8136.53,95383500.0,88687910.0
278,22-07-2025,7994.85,8161.07,8066.23,8205.34,7994.85,8052.73,8042.44,8116.5,77981704.0,85958120.0
279,23-07-2025,8018.65,8137.22,8090.03,8182.09,7994.85,8028.58,8042.44,8092.94,70969496.0,86436300.0
280,24-07-2025,8090.03,8116.03,8137.62,8159.49,8042.44,8007.64,8066.23,8071.59,138256800.0,84442830.0
281,25-07-2025,8042.44,8107.71,8113.82,8152.08,8042.44,7999.7,8090.03,8063.04,58682800.0,87029210.0
282,28-07-2025,8090.03,8106.22,8209.0,8149.54,8066.23,7996.62,8209.0,8060.36,99484296.0,87030600.0
283,29-07-2025,7994.85,8123.54,8090.03,8166.61,7971.06,8014.0,8090.03,8077.51,104240300.0,86749950.0
284,30-07-2025,7971.06,8133.57,8066.23,8178.57,7923.47,8024.24,8066.23,8088.58,98098104.0,88697780.0
285,31-07-2025,7875.88,8129.96,7971.06,8177.48,7852.09,8020.46,7947.26,8086.41,206006320.0,90991570.0
286,01-08-2025,7899.67,8103.74,8018.64,8154.03,7899.67,7998.88,7994.85,8062.32,86196104.0,94415290.0
287,04-08-2025,7875.88,8071.14,7947.26,8124.9,7875.88,7962.97,7923.47,8029.71,49054500.0,99810190.0
288,05-08-2025,8018.65,8022.0,8042.44,8073.79,7923.47,7911.25,7947.26,7979.77,69475900.0,97399460.0
289,06-08-2025,7899.67,8004.28,8018.64,8053.11,7899.67,7891.94,8018.64,7960.76,56325400.0,93685470.0
290,07-08-2025,7899.67,7997.3,7947.26,8043.23,7899.67,7884.1,7923.47,7953.29,43621300.0,89346860.0
291,08-08-2025,7899.67,8007.19,7994.85,8045.13,7899.67,7900.42,7923.47,7963.18,68378700.0,75832610.0
292,11-08-2025,8137.62,8004.62,8137.62,8041.1,8018.65,7899.32,8090.03,7960.49,128561304.0,73773800.0
293,12-08-2025,8423.15,8030.34,8446.94,8068.64,8161.41,7924.55,8209.0,7985.19,171015700.0,78671400.0
294,13-08-2025,8494.53,8080.25,8542.12,8119.53,8304.18,7972.99,8542.12,8031.61,129083896.0,86040040.0
295,14-08-2025,8351.76,8173.4,8518.32,8213.5,8327.97,8061.42,8494.53,8120.79,122930900.0,93723530.0
296,15-08-2025,8280.38,8281.17,8423.15,8326.2,8280.38,8164.93,8399.35,8228.47,68754200.0,101205690.0
297,19-08-2025,8090.03,8371.89,8185.2,8421.25,8042.44,8253.48,8185.2,8321.55,128591710.0,102518720.0
298,20-08-2025,8113.82,8394.79,8185.2,8448.51,7947.26,8280.34,7971.06,8349.39,202260210.0,101000850.0
299,21-08-2025,8137.62,8348.26,8161.41,8404.99,8090.03,8240.18,8137.62,8306.23,69470200.0,101478500.0
300,22-08-2025,8042.44,8269.17,8161.41,8323.94,8042.44,8159.75,8161.41,8225.64,66394100.0,100105570.0
301,25-08-2025,8066.23,8201.29,8137.62,8252.08,8066.23,8089.91,8113.82,8156.27,64052700.0,96432590.0
302,26-08-2025,7852.09,8152.42,8066.23,8201.38,7852.09,8037.31,8042.44,8106.52,326794200.0,95444770.0
303,27-08-2025,7899.67,8137.54,7947.26,8192.73,7804.5,8028.09,7852.09,8094.44,111915700.0,105086440.0
304,28-08-2025,7923.47,8106.15,7971.06,8160.84,7875.88,8001.52,7947.26,8064.19,81281400.0,102816540.0
305,29-08-2025,7685.53,8052.19,7875.88,8109.36,7685.53,7942.78,7852.09,8009.84,236499310.0,106923160.0
306,01-09-2025,7614.14,7992.78,7661.73,8056.79,7233.44,7880.81,7281.02,7951.78,421127550.0,117885910.0
307,02-09-2025,7614.14,7896.0,7780.7,7974.4,7614.14,7783.03,7614.14,7856.06,155531490.0,143839400.0
308,03-09-2025,7590.35,7824.86,7614.14,7896.46,7518.97,7715.36,7518.97,7782.2,212372700.0,137116450.0
309,04-09-2025,7614.14,7752.4,7614.14,7829.89,7542.76,7635.02,7590.35,7708.67,103534800.0,147704770.0
310,08-09-2025,7328.61,7675.78,7637.94,7754.56,7328.61,7545.62,7637.94,7629.87,321191900.0,151970660.0
311,09-09-2025,7162.05,7637.05,7352.41,7715.91,7114.47,7509.49,7257.23,7592.91,595368700.0,152413380.0
312,10-09-2025,7423.79,7625.6,7423.79,7711.4,7185.85,7519.03,7185.85,7587.36,246849600.0,160397260.0
313,11-09-2025,7471.38,7544.27,7590.35,7638.2,7471.38,7426.29,7518.97,7501.36,235173390.0,180030850.0
314,12-09-2025,7542.76,7501.56,7590.35,7597.66,7471.38,7371.69,7590.35,7454.89,156084700.0,186832800.0
315,15-09-2025,7637.94,7476.37,7709.32,7574.94,7590.35,7326.88,7614.14,7426.0,142567700.0,193019440.0
316,16-09-2025,7542.76,7504.7,7685.53,7591.24,7518.97,7355.27,7661.73,7454.03,129312904.0,173748540.0
317,17-09-2025,7471.38,7592.85,7518.97,7657.04,7423.79,7469.98,7471.38,7548.22,183725890.0,129326450.0
318,18-09-2025,7328.61,7636.51,7518.97,7700.02,7281.02,7521.42,7471.38,7596.34,275378700.0,121238250.0
319,19-09-2025,7423.79,7626.31,7447.58,7691.3,7281.02,7518.48,7281.02,7588.53,149025300.0,122252640.0
320,22-09-2025,7352.41,7586.54,7447.58,7653.97,7352.41,7477.64,7423.79,7548.48,92588800.0,125818760.0
321,23-09-2025,7495.17,7525.69,7518.97,7591.84,7376.2,7412.58,7376.2,7486.99,102606200.0,124154010.0
322,24-09-2025,7400.0,7485.79,7566.55,7548.73,7352.41,7368.22,7566.55,7445.12,150428400.0,121197050.0
323,25-09-2025,7328.61,7485.61,7400.0,7544.88,7328.61,7369.57,7352.41,7445.17,147986600.0,115346990.0
324,26-09-2025,7257.23,7491.17,7328.61,7543.17,7209.64,7384.5,7209.64,7451.73,121657700.0,103606040.0
325,29-09-2025,7400.0,7476.93,7423.79,7530.21,7328.61,7373.18,7376.2,7439.68,116454700.0,102401440.0
326,30-09-2025,7257.23,7462.24,7400.0,7516.97,7257.23,7355.97,7328.61,7424.39,170666700.0,105100370.0
327,01-10-2025,7138.26,7435.4,7304.82,7493.09,7138.26,7328.02,7233.44,7398.22,202433400.0,109288080.0
328,02-10-2025,7138.26,7395.6,7233.44,7454.5,7138.26,7289.83,7138.26,7358.42,126952410.0,112981000.0
329,03-10-2025,7162.05,7361.53,7185.85,7421.39,7138.26,7255.8,7162.05,7324.93,76787496.0,113756770.0
330,06-10-2025,7138.26,7334.36,7185.85,7394.51,7090.67,7226.67,7138.26,7298.56,104032400.0,111915910.0
331,07-10-2025,7209.64,7281.4,7233.44,7340.34,7138.26,7172.02,7185.85,7245.66,74282600.0,109730936.0
332,08-10-2025,7019.29,7251.6,7162.05,7303.69,7019.29,7144.02,7138.26,7214.9,168080800.0,100836770.0
333,09-10-2025,7185.85,7237.94,7328.61,7285.83,6947.91,7137.54,7019.29,7202.26,293567400.0,94917096.0
334,10-10-2025,7043.08,7235.85,7090.67,7289.16,6995.49,7138.38,7090.67,7199.94,107426010.0,106383080.0
335,13-10-2025,6971.7,7216.97,7019.29,7275.29,6947.91,7114.09,6947.91,7180.37,101847900.0,115083070.0
336,14-10-2025,6900.32,7184.58,6995.49,7245.3,6900.32,7077.77,6924.11,7148.42,151862290.0,117199350.0
337,15-10-2025,6900.32,7134.05,6995.49,7199.16,6876.52,7022.25,6900.32,7098.71,133206410.0,122336420.0
338,16-10-2025,6947.91,7099.72,6971.7,7162.88,6876.52,6989.17,6900.32,7064.88,120611210.0,118395680.0
339,17-10-2025,7138.26,7052.57,7162.05,7105.53,6924.11,6952.61,6947.91,7018.78,157334400.0,102787880.0
340,20-10-2025,7495.17,7042.57,7614.14,7095.59,7257.23,6940.28,7328.61,7006.21,393421800.0,106592136.0
341,21-10-2025,8066.23,7118.34,8066.23,7178.25,7709.32,7012.12,7709.32,7077.24,529802620.0,126192160.0
342,22-10-2025,7804.5,7296.91,8280.38,7365.77,7804.5,7184.01,8280.38,7246.06,392957220.0,157322190.0
343,23-10-2025,7923.47,7522.88,7947.26,7603.34,7756.91,7394.54,7804.5,7463.84,187003900.0,186916540.0
344,24-10-2025,7875.88,7720.82,7971.06,7811.63,7875.88,7575.58,7899.67,7659.56,133355100.0,201475710.0
345,27-10-2025,7947.26,7876.78,8018.65,7974.64,7804.5,7720.85,7923.47,7819.5,182275600.0,200107250.0
346,28-10-2025,7875.88,7966.29,7994.85,8058.2,7852.09,7820.16,7947.26,7916.61,180270000.0,175819870.0
347,29-10-2025,8185.2,7978.06,8185.2,8054.68,7875.88,7851.38,7899.67,7934.69,239156780.0,141208220.0
348,30-10-2025,8113.82,7984.58,8327.97,8046.96,8066.23,7868.29,8161.41,7937.37,259009810.0,125923050.0
349,31-10-2025,8113.82,8037.24,8232.79,8101.95,8113.82,7920.54,8137.62,7988.5,177088000.0,131822180.0
350,03-11-2025,8232.79,8085.92,8232.79,8153.88,8113.82,7963.69,8232.79,8035.72,115007096.0,138197440.0
351,04-11-2025,8232.79,8137.38,8280.38,8203.84,8209.0,8012.45,8232.79,8086.91,155231500.0,134362260.0
352,05-11-2025,8280.38,8198.54,8280.38,8264.24,8185.2,8072.94,8209.0,8148.8,125731490.0,130462110.0
353,06-11-2025,8137.62,8237.0,8256.59,8298.74,8137.62,8115.4,8209.0,8189.06,89756904.0,119799890.0
354,07-11-2025,8256.59,8250.0,8256.59,8303.72,8137.62,8133.44,8137.62,8202.45,75241896.0,105841760.0
355,10-11-2025,8161.41,8260.6,8256.59,8309.8,8161.41,8146.13,8256.59,8213.0,79897704.0,97592550.0
356,11-11-2025,7994.85,8260.36,8185.2,8308.4,7994.85,8145.92,8161.41,8213.16,130897600.0,94084824.0
357,12-11-2025,8090.03,8242.25,8137.62,8289.07,7994.85,8131.92,8018.64,8196.78,85415600.0,90433180.0
358,13-11-2025,7971.06,8210.32,8066.23,8256.4,7971.06,8102.11,7994.85,8165.56,104113800.0,88212190.0
359,14-11-2025,8018.65,8175.4,8090.03,8222.71,7971.06,8067.66,7971.06,8131.44,89815304.0,89545736.0
360,17-11-2025,8161.41,8132.71,8161.41,8181.38,8066.23,8023.95,8090.03,8089.11,129411100.0,91065830.0
361,18-11-2025,7994.85,8107.2,8161.41,8155.41,7994.85,7996.36,8137.62,8061.67,119377896.0,94124664.0
362,19-11-2025,8066.23,8110.14,8090.03,8156.47,7923.47,8000.16,7947.26,8063.57,114209700.0,93428616.0
363,20-11-2025,8018.65,8105.26,8185.2,8153.46,7994.85,7994.74,8066.23,8059.09,124087390.0,96282020.0
364,21-11-2025,7994.85,8115.29,8018.65,8164.83,7947.26,8004.41,7971.06,8069.35,103917096.0,97947600.0
365,24-11-2025,8066.23,8110.39,8066.23,8162.03,7947.26,7998.62,7994.85,8065.52,279590600.0,99590880.0
366,25-11-2025,8090.03,8091.73,8090.03,8147.49,7971.06,7982.58,8066.23,8047.4,98807704.0,108177620.0
367,26-11-2025,8018.65,8083.38,8042.44,8138.51,7971.06,7971.12,7994.85,8036.66,77094400.0,111035270.0
368,27-11-2025,7923.47,8079.32,8042.44,8134.44,7923.47,7964.3,8018.65,8032.85,71051300.0,109670770.0
369,28-11-2025,7875.88,8063.12,7947.26,8115.75,7875.88,7946.39,7923.47,8017.09,67559300.0,104847896.0
370,01-12-2025,7994.85,8052.32,8042.44,8104.68,7947.26,7935.1,8042.44,8008.26,76359200.0,100468620.0
371,02-12-2025,7971.06,8048.41,8018.65,8090.3,7947.26,7940.5,7947.26,8004.65,97043990.0,82434350.0
372,03-12-2025,7951.9,8033.09,8047.7,8074.16,7951.9,7926.46,7999.8,7989.02,103550904.0,81656104.0
373,04-12-2025,7880.04,8029.51,7999.8,8071.52,7880.04,7922.89,7975.85,7985.33,71410400.0,83697144.0
374,05-12-2025,7951.9,8025.82,7951.9,8068.46,7856.09,7918.48,7856.09,7981.66,71162300.0,84832350.0
375,08-12-2025,7951.9,8026.03,7999.8,8069.86,7903.99,7918.25,7999.8,7982.31,61745200.0,85527580.0
376,09-12-2025,7760.28,8012.04,7951.9,8054.8,7760.28,7903.31,7951.9,7967.83,113057210.0,84359680.0
377,10-12-2025,7736.33,7995.97,7832.14,8039.31,7688.43,7889.26,7760.28,7953.31,143418300.0,84134530.0
378,11-12-2025,7664.48,7960.26,7856.09,8005.31,7568.67,7856.43,7832.14,7918.98,140766000.0,86758170.0
379,12-12-2025,7664.48,7920.83,7664.48,7969.95,7520.77,7817.18,7568.67,7880.65,100006800.0,93247150.0
380,15-12-2025,7951.9,7861.29,7951.9,7914.16,7592.62,7756.65,7592.62,7822.6,143105700.0,97526700.0
381,16-12-2025,7736.33,7808.52,8023.75,7862.51,7688.43,7699.47,8023.75,7766.87,122332000.0,103849450.0
382,17-12-2025,7688.43,7803.09,7784.24,7854.83,7640.53,7690.71,7664.48,7758.82,89802700.0,104754640.0
383,18-12-2025,7832.14,7806.0,7903.99,7855.85,7688.43,7694.07,7688.43,7762.03,88497200.0,101090020.0
384,19-12-2025,7712.38,7818.42,7880.04,7865.28,7712.38,7707.14,7856.09,7773.36,131069800.0,96930790.0
385,22-12-2025,7832.14,7852.45,7832.14,7902.52,7688.43,7741.74,7712.38,7809.25,72424200.0,98111280.0
386,23-12-2025,7688.43,7846.51,7784.24,7894.71,7640.53,7738.06,7760.28,7804.38,85044100.0,92934470.0
387,24-12-2025,7688.43,7824.75,7736.33,7869.28,7664.48,7716.98,7688.43,7781.36,71260504.0,89944970.0
388,29-12-2025,7688.43,7824.57,7688.43,7869.47,7616.57,7717.14,7688.43,7782.37,78399400.0,88527470.0
389,30-12-2025,7736.33,7800.21,7832.14,7844.87,7616.58,7693.43,7616.58,7759.28,101995600.0,86962024.0
